epoch,bur_vol_loss,loss,spin_loss,val_bur_vol_loss,val_loss,val_spin_loss
0,2.3173279762268066,0.2342337816953659,0.11836717277765274,1.134422779083252,0.11967392265796661,0.06295279413461685
1,0.8095544576644897,0.10144144296646118,0.0609637051820755,1.035536766052246,0.10443039983510971,0.05265357345342636
2,0.7692431807518005,0.09054358303546906,0.05208145081996918,1.0134918689727783,0.10005577653646469,0.049381159245967865
3,0.7392687797546387,0.08489171415567398,0.04792827367782593,1.0025807619094849,0.09647966921329498,0.04635064676403999
4,0.7219159007072449,0.08071353286504745,0.04461773857474327,0.9969288110733032,0.09232711791992188,0.04248065873980522
5,0.6951038837432861,0.07688798755407333,0.04213280975818634,0.9297655820846558,0.08639727532863617,0.0399089977145195
6,0.687112033367157,0.07460463792085648,0.040249112993478775,0.9736407995223999,0.08940738439559937,0.04072532802820206
7,0.6860594749450684,0.07290425896644592,0.03860129043459892,0.8938843607902527,0.08249928802251816,0.03780507296323776
8,0.6746257543563843,0.07045099139213562,0.03671965375542641,0.8917625546455383,0.08347287774085999,0.038884758949279785
9,0.6585869193077087,0.06949697434902191,0.036567654460668564,0.9080456495285034,0.08290702849626541,0.037504732608795166
10,0.6654489040374756,0.06785064935684204,0.034578222781419754,0.8932259678840637,0.08348032832145691,0.03881903737783432
11,0.6434524059295654,0.0663771778345108,0.03420459106564522,0.8644609451293945,0.07965542376041412,0.036432377994060516
12,0.6335393786430359,0.06441093236207962,0.03273392841219902,0.86976158618927,0.07860538363456726,0.035117294639348984
13,0.6303935647010803,0.06369001418352127,0.03217030689120293,0.8459340929985046,0.0773315578699112,0.03503485769033432
14,0.6235421895980835,0.06269656121730804,0.03151948004961014,0.859848141670227,0.07713250815868378,0.03414008766412735
15,0.6412435173988342,0.06257797032594681,0.030515797436237335,0.9334417581558228,0.0804416686296463,0.03376958146691322
16,0.6195771098136902,0.0609411746263504,0.02996230311691761,0.8348661661148071,0.07659658789634705,0.03485330194234848
17,0.6052998900413513,0.06003963574767113,0.029774686321616173,0.847245991230011,0.07597222179174423,0.033609937876462936
18,0.6141657829284668,0.05950077995657921,0.0287924874573946,0.8265889286994934,0.07537038624286652,0.03404093533754349
19,0.5992207527160645,0.05816906318068504,0.02820797637104988,0.8467473983764648,0.0746043249964714,0.032266952097415924
20,0.5984355807304382,0.057914745062589645,0.027992991730570793,0.8338845372200012,0.07441411167383194,0.03271986171603203
21,0.6000028848648071,0.057453449815511703,0.02745334431529045,0.8225325345993042,0.07387106120586395,0.032744452357292175
22,0.599979043006897,0.05713118612766266,0.02713220752775669,0.821633517742157,0.07300760596990585,0.03192594647407532
23,0.5914507508277893,0.05588516592979431,0.026312636211514473,0.8083637356758118,0.07250380516052246,0.03208561986684799
24,0.5946905612945557,0.05578691512346268,0.026052391156554222,0.9551898837089539,0.08010464906692505,0.032345131039619446
25,0.5814651846885681,0.05475929006934166,0.025686027482151985,0.8214157819747925,0.07209649682044983,0.03102569282054901
26,0.5787674188613892,0.05420880764722824,0.02527041733264923,0.7931539416313171,0.0701759085059166,0.03051820956170559
27,0.5762917399406433,0.053599368780851364,0.02478477917611599,0.8154595494270325,0.07094230502843857,0.030169328674674034
28,0.573087751865387,0.05321667343378067,0.024562282487750053,1.061674952507019,0.08495542407035828,0.031871672719717026
29,0.5761488676071167,0.053190678358078,0.02438318356871605,0.7920879125595093,0.06938007473945618,0.02977568842470646
30,0.5716732740402222,0.052270300686359406,0.02368662692606449,0.7950089573860168,0.06964633613824844,0.029895881190896034
31,0.5634845495223999,0.05185920000076294,0.023684974759817123,0.8201497793197632,0.07233929634094238,0.03133181482553482
32,0.5608737468719482,0.05126341059803963,0.02321968413889408,0.851805567741394,0.07358019798994064,0.03098992630839348
33,0.5574375987052917,0.05058794096112251,0.02271607145667076,0.7878707051277161,0.06945575028657913,0.030062222853302956
34,0.560805082321167,0.051300231367349625,0.023259982466697693,0.800407886505127,0.07141996920108795,0.03139958903193474
35,0.5543700456619263,0.050001293420791626,0.022282766178250313,0.778287947177887,0.06884434074163437,0.02992994152009487
36,0.551863968372345,0.049420684576034546,0.02182743512094021,0.7754048109054565,0.06833137571811676,0.0295611172914505
37,0.5511584281921387,0.049658626317977905,0.02210068516433239,0.7641469836235046,0.06724957376718521,0.029042217880487442
38,0.5491165518760681,0.04948926717042923,0.022033467888832092,0.7571512460708618,0.06761109828948975,0.02975352481007576
39,0.5419922471046448,0.0483318567276001,0.0212322436273098,0.7627825140953064,0.06729083508253098,0.02915169857442379
40,0.54239422082901,0.0485924668610096,0.021472765132784843,0.7758811712265015,0.06868313252925873,0.029889076948165894
41,0.5509280562400818,0.04851542413234711,0.020969001576304436,0.7759522199630737,0.07013658434152603,0.03133896738290787
42,0.5353369116783142,0.047386448830366135,0.020619580522179604,0.8070330619812012,0.0688665360212326,0.02851489558815956
43,0.5375974178314209,0.04760627821087837,0.02072642557322979,0.7429558634757996,0.06571237742900848,0.02856457605957985
44,0.53013014793396,0.04718220233917236,0.020675672218203545,0.776264488697052,0.06843817979097366,0.02962494269013405
45,0.5354106426239014,0.0473150797188282,0.020544543862342834,0.7795895934104919,0.06868551671504974,0.029706040397286415
46,0.5375533103942871,0.046652425080537796,0.019774749875068665,0.7572727799415588,0.06599245220422745,0.028128812089562416
47,0.5281449556350708,0.04596841707825661,0.01956120692193508,0.7543142437934875,0.06643439084291458,0.028718670830130577
48,0.5251505970954895,0.045891985297203064,0.01963445357978344,0.7567164301872253,0.06723357737064362,0.029397744685411453
49,0.5229724645614624,0.04550640657544136,0.019357794895768166,0.7700725793838501,0.06679807603359222,0.028294455260038376
50,0.5254298448562622,0.04573016241192818,0.019458672031760216,0.7829262614250183,0.0673242136836052,0.02817789651453495
51,0.5244997143745422,0.045413579791784286,0.01918860338628292,0.7731693983078003,0.06828302145004272,0.029624540358781815
52,0.5185136795043945,0.044520679861307144,0.018594995141029358,0.743155837059021,0.06562069803476334,0.028462901711463928
53,0.5185509920120239,0.044709984213113785,0.018782416358590126,0.746588408946991,0.0652322918176651,0.02790287509560585
54,0.5135314464569092,0.0441448800265789,0.018468333408236504,0.7349544763565063,0.0649978294968605,0.02825010195374489
55,0.5145481824874878,0.04384014010429382,0.018112730234861374,0.7394415140151978,0.06606843322515488,0.029096370562911034
56,0.5141711235046387,0.04396478831768036,0.01825620047748089,0.7354689836502075,0.06536028534173965,0.028586840257048607
57,0.512323260307312,0.04359233379364014,0.017976172268390656,0.7242401838302612,0.06563521921634674,0.02942320704460144
58,0.5120922327041626,0.04366889223456383,0.018064280971884727,0.7535537481307983,0.06605537235736847,0.028377681970596313
59,0.5114054083824158,0.04354755952954292,0.01797732152044773,0.7330454587936401,0.06585294753313065,0.029200678691267967
60,0.5040810108184814,0.0425860621035099,0.01738199219107628,0.7213389277458191,0.06549771875143051,0.029430782422423363
61,0.5073161125183105,0.042778968811035156,0.017413165420293808,0.7345362901687622,0.06489567458629608,0.02816886641085148
62,0.5039927363395691,0.04265953227877617,0.017459912225604057,0.7214471101760864,0.06368990242481232,0.02761754021048546
63,0.5028932094573975,0.042476486414670944,0.017331812530755997,0.7223638296127319,0.06415623426437378,0.028038034215569496
64,0.5003897547721863,0.04216356948018074,0.0171440951526165,0.7436861991882324,0.06623964756727219,0.02905532345175743
65,0.5026354789733887,0.04162808880209923,0.016496332362294197,0.7219394445419312,0.06359892338514328,0.027501950040459633
66,0.5010024309158325,0.04207504913210869,0.01702490635216236,0.715746283531189,0.06417734175920486,0.02839003875851631
67,0.49812501668930054,0.04152088612318039,0.016614634543657303,0.7126985788345337,0.0645320937037468,0.028897156938910484
68,0.4977564811706543,0.04130224138498306,0.01641443371772766,0.7352538108825684,0.06518922746181488,0.028426527976989746
69,0.49656784534454346,0.04140741378068924,0.01657900959253311,0.7105244398117065,0.06295213103294373,0.02742590568959713
70,0.493327796459198,0.04076600447297096,0.016099637374281883,0.7288840413093567,0.06503590196371078,0.028591712936758995
71,0.49095088243484497,0.04097433015704155,0.01642678491771221,0.713459849357605,0.06337043642997742,0.027697453275322914
72,0.49239063262939453,0.04062514752149582,0.016005607321858406,0.7169302105903625,0.06353425234556198,0.027687743306159973
73,0.4919193387031555,0.04034183546900749,0.015745878219604492,0.7203291654586792,0.06408229470252991,0.028065849095582962
74,0.4861152768135071,0.04033682122826576,0.016031064093112946,0.6981537342071533,0.06300671398639679,0.028099026530981064
75,0.4893914759159088,0.04021964594721794,0.015750078484416008,0.7087262272834778,0.06509383022785187,0.0296575129032135
76,0.48637694120407104,0.040321025997400284,0.016002178192138672,0.7798515558242798,0.067962646484375,0.02897007390856743
77,0.48664695024490356,0.03972771763801575,0.015395374037325382,0.7159255743026733,0.06322797387838364,0.027431681752204895
78,0.489806592464447,0.0399574413895607,0.015467092394828796,0.718643307685852,0.06359749287366867,0.027665337547659874
79,0.4835086762905121,0.03924737870693207,0.015071946196258068,0.7005058526992798,0.06226826831698418,0.027242977172136307
80,0.4826127290725708,0.03936629369854927,0.015235654078423977,0.7073916792869568,0.06350409239530563,0.028134509921073914
81,0.4801168441772461,0.03915346413850784,0.015147634781897068,0.6938138008117676,0.06194460391998291,0.02725392021238804
82,0.4762241840362549,0.038748715072870255,0.014937497675418854,0.6933751106262207,0.0635526031255722,0.02888384461402893
83,0.4822361171245575,0.039038535207509995,0.01492672972381115,0.6964836120605469,0.06238400191068649,0.02755982242524624
84,0.4781247675418854,0.0384865365922451,0.014580290764570236,0.7038124203681946,0.06280513107776642,0.027614498510956764
85,0.4779234528541565,0.038609545677900314,0.014713355340063572,0.6928648948669434,0.06267119944095612,0.028027961030602455
86,0.4749129116535187,0.03840121626853943,0.01465560495853424,0.6896437406539917,0.06279651820659637,0.028314340859651566
87,0.4724205434322357,0.03772450610995293,0.01410346757620573,0.7111579775810242,0.06345732510089874,0.02789943292737007
88,0.4771644175052643,0.038707830011844635,0.014849602244794369,0.7062278985977173,0.0628567710518837,0.02754538133740425
89,0.47099143266677856,0.03772565349936485,0.014176083728671074,0.6978604793548584,0.06333383172750473,0.0284408088773489
90,0.47331053018569946,0.03789210319519043,0.014226562343537807,0.6897916197776794,0.06245878338813782,0.02796919085085392
91,0.47216832637786865,0.03759307041764259,0.013984658755362034,0.7376047968864441,0.0650828629732132,0.028202632442116737
92,0.46713823080062866,0.037267811596393585,0.013910915702581406,0.7209071516990662,0.06351771205663681,0.02747235633432865
93,0.4694017767906189,0.03752601519227028,0.01405592542141676,0.6826727390289307,0.06259665638208389,0.02846301533281803
94,0.46583208441734314,0.037226080894470215,0.013934488408267498,0.6973503232002258,0.062306612730026245,0.027439091354608536
95,0.46676212549209595,0.036983244121074677,0.013645169325172901,0.6851266622543335,0.06240878254175186,0.028152456507086754
96,0.46481603384017944,0.03701590374112129,0.013775093480944633,0.6817824840545654,0.06206968426704407,0.027980560436844826
97,0.46467798948287964,0.036839891225099564,0.013605980202555656,0.6811632513999939,0.06432412564754486,0.030265962705016136
98,0.46050429344177246,0.03631562739610672,0.013290398754179478,0.6838475465774536,0.06182769685983658,0.02763530984520912
99,0.46307966113090515,0.03655869513750076,0.013404716737568378,0.6831222772598267,0.062163181602954865,0.02800707146525383
100,0.4616917073726654,0.03648949787020683,0.0134049067273736,0.6826130747795105,0.06128818914294243,0.02715754508972168
101,0.46529772877693176,0.03704332187771797,0.013778441585600376,0.7162302732467651,0.06348244845867157,0.02767094410955906
102,0.4603990912437439,0.03611316531896591,0.0130931930616498,0.6780806183815002,0.061741553246974945,0.02783752977848053
103,0.4592518210411072,0.03602093458175659,0.01305834949016571,0.6831727623939514,0.06189753860235214,0.027738895267248154
104,0.4570894241333008,0.03599710017442703,0.013142602518200874,0.6992701292037964,0.06407373398542404,0.029110228642821312
105,0.45715370774269104,0.03569557145237923,0.012837894260883331,0.6852286458015442,0.06345508992671967,0.02919367328286171
106,0.4561072885990143,0.035306014120578766,0.012500673532485962,0.6869601011276245,0.06450920552015305,0.030161190778017044
107,0.45457983016967773,0.03563660755753517,0.01290762610733509,0.6703296303749084,0.06208808347582817,0.02857159450650215
108,0.4524356722831726,0.035434089601039886,0.012812312692403793,0.6813099384307861,0.06512492895126343,0.031059443950653076
109,0.45555901527404785,0.03539096936583519,0.012613022699952126,0.7217899560928345,0.06352932006120682,0.027439836412668228
110,0.45081856846809387,0.03528394550085068,0.012743042781949043,0.6834630370140076,0.0613677091896534,0.02719455026090145
111,0.4484647214412689,0.034970853477716446,0.012547597289085388,0.6695506572723389,0.06119656562805176,0.027719032019376755
112,0.4574187695980072,0.035696763545274734,0.012825807556509972,0.668512225151062,0.061662204563617706,0.02823658287525177
113,0.4487355053424835,0.03484240174293518,0.012405652552843094,0.6671358942985535,0.061157144606113434,0.02780034765601158
114,0.4505818486213684,0.03552486002445221,0.012995745986700058,0.6756243109703064,0.06083504483103752,0.027053842321038246
115,0.44329187273979187,0.034302953630685806,0.012138377875089645,0.6710397005081177,0.06314779818058014,0.02959582768380642
116,0.4482406675815582,0.034674108028411865,0.01226204913109541,0.6658434867858887,0.060943156480789185,0.027650967240333557
117,0.44759219884872437,0.034980740398168564,0.012601115740835667,0.6772059202194214,0.06281828135251999,0.02895798347890377
118,0.4454818367958069,0.03418043255805969,0.011906314641237259,0.6963015794754028,0.06348777562379837,0.028672704473137856
119,0.44582435488700867,0.03437282145023346,0.012081592343747616,0.6727248430252075,0.06077485531568527,0.027138601988554
120,0.4431948661804199,0.034359410405159,0.012199658900499344,0.6642225980758667,0.060904610902071,0.027693480253219604
121,0.44727587699890137,0.03457058593630791,0.012206800282001495,0.6704906225204468,0.062345247715711594,0.028820719569921494
122,0.441135436296463,0.03429470956325531,0.012237920425832272,0.6674842238426208,0.061090998351573944,0.02771678939461708
123,0.4397963583469391,0.03357965126633644,0.01158982329070568,0.6703335642814636,0.061892278492450714,0.02837561070919037
124,0.44272905588150024,0.0341331884264946,0.011996728368103504,0.6622869968414307,0.059483833611011505,0.026369482278823853
125,0.43954911828041077,0.0338018536567688,0.0118244094774127,0.671096682548523,0.06160968542098999,0.02805485390126705
126,0.44161468744277954,0.03379778191447258,0.011717059649527073,0.6622343063354492,0.061227619647979736,0.028115909546613693
127,0.43852388858795166,0.033686086535453796,0.01175988744944334,0.6755419969558716,0.061343997716903687,0.02756689116358757
128,0.4388849139213562,0.033574238419532776,0.011629980057477951,0.6607120633125305,0.06128928065299988,0.028253668919205666
129,0.43697547912597656,0.033353038132190704,0.011504273861646652,0.6671761274337769,0.061538517475128174,0.0281797107309103
130,0.43514126539230347,0.03290662169456482,0.011149555444717407,0.7175348997116089,0.06512290239334106,0.02924615517258644
131,0.43754327297210693,0.033902160823345184,0.01202500332146883,0.6548270583152771,0.061141978949308395,0.02840062417089939
132,0.4324782192707062,0.032836832106113434,0.011212904006242752,0.6652958393096924,0.06117056682705879,0.027905771508812904
133,0.4366396367549896,0.03351399302482605,0.01168200932443142,0.6596494913101196,0.06249794363975525,0.029515478760004044
134,0.431648850440979,0.032930031418800354,0.011347568593919277,0.66700279712677,0.06173967570066452,0.02838953398168087
135,0.4321998953819275,0.03237117454409599,0.010761180892586708,0.661504864692688,0.060750894248485565,0.02767564356327057
136,0.43528562784194946,0.033017776906490326,0.011253495700657368,0.6589918732643127,0.060352277010679245,0.02740268036723137
137,0.4287455379962921,0.0327279157936573,0.01129063405096531,0.6667761206626892,0.060391865670681,0.02705305814743042
138,0.43543264269828796,0.03336318954825401,0.011591545306146145,0.6501583456993103,0.06155315041542053,0.029045239090919495
139,0.42541730403900146,0.031883444637060165,0.01061259489506483,0.6581001281738281,0.06203595921397209,0.0291309617459774
140,0.4304221272468567,0.03293460234999657,0.011413502506911755,0.6617077589035034,0.06088501960039139,0.02779964543879032
141,0.4256342351436615,0.03236522153019905,0.011083506979048252,0.6607359051704407,0.06078355759382248,0.02774677239358425
142,0.4279221296310425,0.03243308141827583,0.011036981828510761,0.6523371934890747,0.06079192832112312,0.02817506715655327
143,0.4271255433559418,0.03225448727607727,0.01089823804795742,0.6684257984161377,0.060695528984069824,0.027274256572127342
144,0.42756131291389465,0.03219418600201607,0.010816128924489021,0.6611302495002747,0.06148499250411987,0.028428470715880394
145,0.4258684515953064,0.0323515310883522,0.011058132164180279,0.6661228537559509,0.06109439581632614,0.027788275852799416
146,0.4223128855228424,0.031849559396505356,0.010733912698924541,0.6559516191482544,0.06185144931077957,0.029053863137960434
147,0.42884740233421326,0.03225398808717728,0.010811589658260345,0.6577752828598022,0.06227777153253555,0.029388990253210068
148,0.42283549904823303,0.03151959925889969,0.01037781685590744,0.6494249105453491,0.06058521196246147,0.028113966807723045
149,0.42338356375694275,0.03232233226299286,0.011153150349855423,0.6498483419418335,0.06040511280298233,0.02791268564760685
150,0.42495933175086975,0.032006967812776566,0.010759021155536175,0.6727739572525024,0.06308974325656891,0.029451042413711548
151,0.4196833074092865,0.031733300536870956,0.010749151930212975,0.6576012372970581,0.061527300626039505,0.028647232800722122
152,0.4230051338672638,0.03182169049978256,0.010671435855329037,0.6565263867378235,0.06032361462712288,0.027497295290231705
153,0.4223182201385498,0.031657811254262924,0.01054190844297409,0.6938735246658325,0.06296664476394653,0.0282729659229517
154,0.4197457730770111,0.03134215623140335,0.010354884900152683,0.6482177972793579,0.060909248888492584,0.028498362749814987
155,0.4200860559940338,0.03194722905755043,0.010942942462861538,0.6499254703521729,0.0606735534965992,0.02817727066576481
156,0.4175751805305481,0.03114132396876812,0.010262557305395603,0.6872572898864746,0.06264398992061615,0.028281133621931076
157,0.4208354651927948,0.03103039599955082,0.009988612495362759,0.6645685434341431,0.061030756682157516,0.02780233696103096
158,0.4172362685203552,0.03099716082215309,0.010135376825928688,0.6488004922866821,0.06167233735322952,0.029232311993837357
159,0.41726940870285034,0.031115608289837837,0.010252146981656551,0.6485859751701355,0.06148992106318474,0.029060622677206993
160,0.41593077778816223,0.031544167548418045,0.010747657157480717,0.6585325002670288,0.06177213042974472,0.02884550951421261
161,0.41809436678886414,0.031791843473911285,0.010887103155255318,0.6593102216720581,0.06129906326532364,0.028333550319075584
162,0.4137513041496277,0.03128417208790779,0.01059659756720066,0.65716153383255,0.062338970601558685,0.029480893164873123
163,0.40995657444000244,0.03049672581255436,0.009998886846005917,0.6443885564804077,0.06019607186317444,0.02797665260732174
164,0.41614973545074463,0.03140496462583542,0.010597466491162777,0.6430679559707642,0.0594792477786541,0.027325838804244995
165,0.4173358082771301,0.031817808747291565,0.010951035656034946,0.659436821937561,0.06225978583097458,0.029287952929735184
166,0.41321757435798645,0.030551090836524963,0.009890221059322357,0.6502469778060913,0.06164749711751938,0.02913515269756317
167,0.4107826054096222,0.03018231876194477,0.009643212892115116,0.6487904787063599,0.061133407056331635,0.028693880885839462
168,0.4109511971473694,0.030293283984065056,0.009745712392032146,0.6398705840110779,0.06052142381668091,0.028527889400720596
169,0.4105972945690155,0.030275858938694,0.009745980612933636,0.6794450283050537,0.062150515615940094,0.028178265318274498
170,0.41117024421691895,0.030403979122638702,0.009845450520515442,0.6887049674987793,0.06289880722761154,0.028463562950491905
171,0.4119550287723541,0.030614608898758888,0.010016853921115398,0.6580764651298523,0.06074865907430649,0.02784484066069126
172,0.410505086183548,0.030733678489923477,0.010208425112068653,0.6653568744659424,0.061878494918346405,0.02861064113676548
173,0.4141729772090912,0.03100401908159256,0.010295362211763859,0.6378565430641174,0.05913833528757095,0.027245502918958664
174,0.40612536668777466,0.0302110742777586,0.009904812090098858,0.6492014527320862,0.060844242572784424,0.028384167701005936
175,0.4057955741882324,0.02986949309706688,0.009579719044268131,0.6618108153343201,0.061856310814619064,0.028765764087438583
176,0.4061185121536255,0.029889646917581558,0.009583733975887299,0.6392918229103088,0.06004277616739273,0.02807817980647087
177,0.405879408121109,0.029996760189533234,0.009702789597213268,0.6427301168441772,0.06083040311932564,0.028693899512290955
178,0.40757817029953003,0.03054036758840084,0.010161454789340496,0.6406129598617554,0.06158389523625374,0.029553255066275597
179,0.40772923827171326,0.029773566871881485,0.00938710942864418,0.6482691764831543,0.061314355581998825,0.02890090085566044
180,0.40414348244667053,0.029836472123861313,0.009629283100366592,0.6573841571807861,0.06029213219881058,0.027422938495874405
181,0.4053764343261719,0.030287303030490875,0.010018470697104931,0.6421894431114197,0.06071385741233826,0.02860438823699951
182,0.40324461460113525,0.02982611022889614,0.009663891047239304,0.6669135689735413,0.061730049550533295,0.028384368866682053
183,0.3997950255870819,0.029407059773802757,0.009417322464287281,0.6646540760993958,0.06139109283685684,0.028158392757177353
184,0.404757559299469,0.02960141934454441,0.009363547898828983,0.6428836584091187,0.06013314053416252,0.027988959103822708
185,0.40142130851745605,0.029572278261184692,0.009501216933131218,0.6398450136184692,0.061877232044935226,0.029884984716773033
186,0.40003541111946106,0.029548969119787216,0.009547202847898006,0.638390302658081,0.06175589561462402,0.029836380854249
187,0.4025000035762787,0.029747338965535164,0.009622340090572834,0.6516854166984558,0.061567604541778564,0.028983334079384804
188,0.4013787806034088,0.02970368228852749,0.00963472668081522,0.641652524471283,0.06091852858662605,0.02883589267730713
189,0.400220662355423,0.029562784358859062,0.009551750496029854,0.6365208029747009,0.06097016483545303,0.029144126921892166
190,0.4010048806667328,0.029446793720126152,0.009396546520292759,0.6372804641723633,0.060764290392398834,0.02890026569366455
191,0.40251395106315613,0.02969626896083355,0.009570561349391937,0.6559745073318481,0.06130567193031311,0.028506943956017494
192,0.3982733190059662,0.02924654819071293,0.009332868270576,0.6712754368782043,0.061603378504514694,0.028039610013365746
193,0.3951944410800934,0.028997275978326797,0.009237546473741531,0.6380755305290222,0.060712557286024094,0.028808776289224625
194,0.39944714307785034,0.029302313923835754,0.009329981170594692,0.6398209929466248,0.06124765798449516,0.029256615787744522
195,0.4020945429801941,0.030012469738721848,0.0099077383056283,0.6624887585639954,0.06234468147158623,0.02922024205327034
196,0.39615777134895325,0.02938094548881054,0.009573054499924183,0.6367868185043335,0.06169530004262924,0.029855946078896523
197,0.3954048752784729,0.029039600864052773,0.00926935113966465,0.636881947517395,0.06111422926187515,0.02927013859152794
198,0.3936072587966919,0.028933588415384293,0.00925324484705925,0.6312558650970459,0.06265013664960861,0.03108735755085945
199,0.39725619554519653,0.02892392873764038,0.009061126969754696,0.6372416019439697,0.06027299910783768,0.02841091714799404
200,0.3927544951438904,0.028676295652985573,0.009038558229804039,0.645675539970398,0.05926520749926567,0.026981422677636147
201,0.3954188823699951,0.029035858809947968,0.009264901280403137,0.6359960436820984,0.06098618358373642,0.02918638288974762
202,0.39668136835098267,0.02941974252462387,0.009585680440068245,0.6317135095596313,0.05915845185518265,0.027572769671678543
203,0.3897247016429901,0.028354259207844734,0.00886803213506937,0.6352995038032532,0.059907108545303345,0.028142139315605164
204,0.3957897424697876,0.029020357877016068,0.009230885654687881,0.6438413858413696,0.0603180006146431,0.02812592312693596
205,0.39277976751327515,0.028485724702477455,0.008846724405884743,0.6381940841674805,0.0593976266682148,0.027487924322485924
206,0.3900698125362396,0.028318999335169792,0.008815504610538483,0.636191189289093,0.06202884390950203,0.030219295993447304
207,0.3931955397129059,0.02935931272804737,0.009699532762169838,0.6300385594367981,0.06032634899020195,0.028824415057897568
208,0.38969656825065613,0.028265850618481636,0.00878102146089077,0.6430761218070984,0.05935705453157425,0.027203258126974106
209,0.3947596549987793,0.029228460043668747,0.009490473195910454,0.6310447454452515,0.05979115515947342,0.028238913044333458
210,0.389325350522995,0.028311975300312042,0.008845699019730091,0.6508489847183228,0.06043870002031326,0.027896244078874588
211,0.39258161187171936,0.029367391020059586,0.00973829347640276,0.6524431109428406,0.06140238046646118,0.028780221939086914
212,0.3872038424015045,0.02805793099105358,0.008697752840816975,0.6385778784751892,0.05968385189771652,0.02775496616959572
213,0.38914743065834045,0.028515703976154327,0.009058312512934208,0.6717758178710938,0.061972446739673615,0.0283836517482996
214,0.3883141577243805,0.028750211000442505,0.0093345046043396,0.6521114110946655,0.06129851192235947,0.028692936524748802
215,0.3920780122280121,0.028660569339990616,0.009056653827428818,0.6282916069030762,0.06065145879983902,0.02923687733709812
216,0.3843340575695038,0.027753349393606186,0.008536653593182564,0.6296401023864746,0.06034461408853531,0.0288626067340374
217,0.386495441198349,0.028033673763275146,0.008708888664841652,0.6328112483024597,0.06147415190935135,0.02983359433710575
218,0.3858218193054199,0.027882035821676254,0.0085909403860569,0.6260466575622559,0.060164935886859894,0.028862591832876205
219,0.389175683259964,0.028029967099428177,0.008571174927055836,0.6328433752059937,0.0598391592502594,0.028196999803185463
220,0.3851549029350281,0.027998678386211395,0.008740919642150402,0.6336379051208496,0.05977298691868782,0.028091084212064743
221,0.3862718641757965,0.027781160548329353,0.008467569015920162,0.6398664712905884,0.05999027565121651,0.027996953576803207
222,0.38454583287239075,0.028048785403370857,0.008821500465273857,0.6347390413284302,0.05959160253405571,0.02785465493798256
223,0.3851254880428314,0.028365736827254295,0.00910945888608694,0.6334680318832397,0.05950324609875679,0.027829840779304504
224,0.38415956497192383,0.0277317576110363,0.00852377712726593,0.6329947113990784,0.05984370782971382,0.028193971142172813
225,0.3884110152721405,0.02854982204735279,0.009129256941378117,0.6281980276107788,0.05958748981356621,0.02817758545279503
226,0.3803784251213074,0.02734387293457985,0.00832495279610157,0.6292595863342285,0.059475697576999664,0.028012732043862343
227,0.3851701319217682,0.028136208653450012,0.00887771975249052,0.6246240139007568,0.06014718860387802,0.02891599014401436
228,0.3840884566307068,0.02776559814810753,0.008561180904507637,0.6311268210411072,0.06025662273168564,0.02870028093457222
229,0.3825508654117584,0.02741914428770542,0.00829160213470459,0.6271092891693115,0.05995318293571472,0.028597721830010414
230,0.38235124945640564,0.027555104345083237,0.008437546901404858,0.6337537169456482,0.05982009321451187,0.028132423758506775
231,0.38216158747673035,0.027506491169333458,0.008398422971367836,0.6282063126564026,0.06157650426030159,0.030166184529662132
232,0.3808383643627167,0.027385730296373367,0.0083438316360116,0.6287697553634644,0.060080237686634064,0.02864173986017704
233,0.3811180591583252,0.027548011392354965,0.008492070250213146,0.6340845227241516,0.06114282086491585,0.02943861111998558
234,0.379567950963974,0.0273259487003088,0.008347536437213421,0.6239205598831177,0.05987707898020744,0.028681034222245216
235,0.3825441002845764,0.027973303571343422,0.008846093900501728,0.6282142996788025,0.06082896515727043,0.02941824495792389
236,0.3790402412414551,0.027512921020388603,0.00856090895831585,0.6344817280769348,0.06022143363952637,0.028497353196144104
237,0.3762045204639435,0.027293533086776733,0.008483313955366611,0.6401413679122925,0.061117447912693024,0.029110392555594444
238,0.37844118475914,0.02699274569749832,0.008070683106780052,0.6377401947975159,0.06242356821894646,0.03053656592965126
239,0.37641441822052,0.02688632905483246,0.008065599948167801,0.6512183547019958,0.061602480709552765,0.029041558504104614
240,0.37998029589653015,0.02726818062365055,0.00826914981007576,0.6301043033599854,0.05983542650938034,0.02833021804690361
241,0.3784586787223816,0.02724645286798477,0.008323511108756065,0.642307460308075,0.061477284878492355,0.0293619092553854
242,0.37959736585617065,0.02759605087339878,0.008616175502538681,0.6256390810012817,0.06131383776664734,0.030031884089112282
243,0.37883260846138,0.027727175503969193,0.008785543031990528,0.6307657957077026,0.05969301983714104,0.02815472148358822
244,0.37238529324531555,0.026496650651097298,0.007877372205257416,0.6238551735877991,0.05979648232460022,0.028603726997971535
245,0.3790329098701477,0.027307016775012016,0.008355374448001385,0.6285213232040405,0.061969198286533356,0.030543124303221703
246,0.37501680850982666,0.026866253465414047,0.008115418255329132,0.6260471940040588,0.060327790677547455,0.029025424271821976
247,0.375230073928833,0.027131322771310806,0.008369805291295052,0.6319046020507812,0.061378370970487595,0.02978314831852913
248,0.37417301535606384,0.026834100484848022,0.008125432766973972,0.6293035745620728,0.060808878391981125,0.029343709349632263
249,0.3732532858848572,0.02675505168735981,0.008092374540865421,0.6211972832679749,0.05962561443448067,0.02856573835015297
250,0.37531331181526184,0.02701965719461441,0.008253983221948147,0.6291083693504333,0.05992867797613144,0.028473276644945145
251,0.3782656192779541,0.027259303256869316,0.00834602490067482,0.6251657009124756,0.060725800693035126,0.029467513784766197
252,0.3728601336479187,0.026488518342375755,0.007845498621463776,0.6264005899429321,0.059857457876205444,0.028537416830658913
253,0.3714539408683777,0.026403648778796196,0.007830946706235409,0.6199708580970764,0.059458255767822266,0.028459694236516953
254,0.3731361925601959,0.0265937652438879,0.00793695542961359,0.6192274689674377,0.06016086786985397,0.029199495911598206
255,0.3738848865032196,0.027020767331123352,0.008326536975800991,0.6170068383216858,0.05949199199676514,0.028641637414693832
256,0.3730088174343109,0.02712225168943405,0.008471805602312088,0.6251792311668396,0.061409253627061844,0.030150284990668297
257,0.370130717754364,0.026486527174711227,0.00797999743372202,0.6423724889755249,0.06206301599740982,0.029944393783807755
258,0.37005722522735596,0.026314422488212585,0.007811571005731821,0.620148777961731,0.0609571635723114,0.029949724674224854
259,0.3688245415687561,0.026299718767404556,0.007858488708734512,0.6183114647865295,0.06006906181573868,0.02915348671376705
260,0.3715415894985199,0.02652917616069317,0.007952099665999413,0.6258725523948669,0.05974007770419121,0.028446447104215622
261,0.3687131702899933,0.026177065446972847,0.007741400972008705,0.6202890276908875,0.06042084842920303,0.02940639853477478
262,0.36914196610450745,0.026115087792277336,0.007657983340322971,0.6208263635635376,0.06016771122813225,0.029126401990652084
263,0.36937451362609863,0.026567492634058,0.008098757825791836,0.6402398943901062,0.062282465398311615,0.030270472168922424
264,0.3692140579223633,0.02642657980322838,0.007965880446135998,0.6214966773986816,0.05914858728647232,0.028073739260435104
265,0.3667348623275757,0.02636459842324257,0.008027859032154083,0.6274148225784302,0.06028696149587631,0.028916234150528908
266,0.3711494207382202,0.027358192950487137,0.008800732903182507,0.6185909509658813,0.06048281863331795,0.02955327369272709
267,0.36811429262161255,0.02634497359395027,0.00793926976621151,0.6175206899642944,0.060819726437330246,0.029943689703941345
268,0.37156203389167786,0.02664945088326931,0.008071346208453178,0.6224060654640198,0.05961085110902786,0.028490543365478516
269,0.3637791574001312,0.025767147541046143,0.007578191813081503,0.6442825794219971,0.06294604390859604,0.030731920152902603
270,0.3684152066707611,0.02624410390853882,0.007823347114026546,0.6485264301300049,0.0619555301964283,0.029529213905334473
271,0.3675770163536072,0.026950044557452202,0.00857118982821703,0.620084285736084,0.06016211584210396,0.029157891869544983
272,0.36715149879455566,0.02588406763970852,0.007526502478867769,0.6203086972236633,0.06000639870762825,0.028990965336561203
273,0.3630121648311615,0.025712300091981888,0.007561702746897936,0.6151221394538879,0.060348231345415115,0.029592126607894897
274,0.3661324381828308,0.026010142639279366,0.007703523151576519,0.6429044008255005,0.0608304962515831,0.02868528664112091
275,0.3664286136627197,0.026008842512965202,0.007687416858971119,0.619554877281189,0.06078778952360153,0.029810037463903427
276,0.3676750957965851,0.02643033117055893,0.008046580478549004,0.6197909712791443,0.05919986963272095,0.028210315853357315
277,0.365541934967041,0.026130368933081627,0.007853277958929539,0.6353561878204346,0.060537464916706085,0.02876964770257473
278,0.36617836356163025,0.02593974769115448,0.0076308180578053,0.6200814843177795,0.0600852444767952,0.02908116951584816
279,0.36323803663253784,0.025834692642092705,0.007672786712646484,0.626331627368927,0.06023067981004715,0.028914090245962143
280,0.3627566695213318,0.025686902925372124,0.007549073081463575,0.6235832571983337,0.05966591089963913,0.028486749157309532
281,0.3630070984363556,0.025830231606960297,0.00767988758161664,0.6352153420448303,0.06025367230176926,0.028492912650108337
282,0.3655116558074951,0.026046833023428917,0.00777123449370265,0.6299718618392944,0.06050997972488403,0.02901138924062252
283,0.36379683017730713,0.026150772348046303,0.00796093326061964,0.6380150318145752,0.05970682576298714,0.027806082740426064
284,0.364834725856781,0.026366131380200386,0.00812440924346447,0.6431038975715637,0.0613616481423378,0.02920646406710148
285,0.3620842695236206,0.025763537734746933,0.007659310474991798,0.6344954967498779,0.0603223517537117,0.028597574681043625
286,0.3618665337562561,0.02575629949569702,0.007662976626306772,0.6247514486312866,0.06185112148523331,0.03061356209218502
287,0.3634476363658905,0.026202687993645668,0.008030306547880173,0.6185798048973083,0.060425035655498505,0.029496043920516968
288,0.3622862994670868,0.025637609884142876,0.007523291744291782,0.6451259851455688,0.06110001355409622,0.02884371019899845
289,0.3605458736419678,0.02537968009710312,0.00735237542539835,0.6148137450218201,0.06061062216758728,0.029869940131902695
290,0.36250513792037964,0.025581426918506622,0.007456176448613405,0.613874614238739,0.059873759746551514,0.0291800145059824
291,0.36012470722198486,0.025426311418414116,0.007420065347105265,0.6254420876502991,0.060158681124448776,0.028886592015624046
292,0.36322641372680664,0.025539690628647804,0.007378366310149431,0.6229932904243469,0.06054738163948059,0.029397720471024513
293,0.35992738604545593,0.02542302943766117,0.0074266716837882996,0.6307233572006226,0.06067869812250137,0.029142534360289574
294,0.3608264625072479,0.025722678750753403,0.0076813544146716595,0.6222121119499207,0.05988786369562149,0.028777247294783592
295,0.36043763160705566,0.025524411350488663,0.0075025479309260845,0.6248148679733276,0.06014270335435867,0.02890196070075035
296,0.36318719387054443,0.026524163782596588,0.008364804089069366,0.6377854943275452,0.05946366861462593,0.02757439576089382
297,0.35745617747306824,0.025319140404462814,0.00744635472074151,0.6116930246353149,0.059189122170209885,0.028604472056031227
298,0.35913315415382385,0.025646720081567764,0.007690052967518568,0.6256269216537476,0.06081829592585564,0.029536932706832886
299,0.35683295130729675,0.025064775720238686,0.0072231171652674675,0.6210001707077026,0.06045350432395935,0.02940348908305168
300,0.35709965229034424,0.025135837495326996,0.00728085869923234,0.6159737706184387,0.05921315401792526,0.028414469212293625
301,0.35732054710388184,0.02517896704375744,0.007312951609492302,0.6173986792564392,0.05982377007603645,0.02895383909344673
302,0.35638877749443054,0.025062320753932,0.007242880761623383,0.6188649535179138,0.0600837841629982,0.029140526428818703
303,0.35833486914634705,0.02515980415046215,0.0072430577129125595,0.6309294700622559,0.06083386391401291,0.02928740717470646
304,0.3587304651737213,0.025298207998275757,0.007361674681305885,0.6107123494148254,0.060016483068466187,0.029480859637260437
305,0.3545183539390564,0.025202060118317604,0.007476130500435829,0.6138030290603638,0.05918373540043831,0.028493573889136314
306,0.3559269607067108,0.02507546730339527,0.007279126439243555,0.6157227754592896,0.060704778879880905,0.02991863526403904
307,0.35719436407089233,0.02498476579785347,0.0071250577457249165,0.6211833357810974,0.06035091355443001,0.029291752725839615
308,0.3543776571750641,0.024919524788856506,0.007200631778687239,0.6141316294670105,0.059866972267627716,0.029160385951399803
309,0.3548406958580017,0.024881795048713684,0.007139748893678188,0.6167023777961731,0.05906527116894722,0.028230151161551476
310,0.3563550114631653,0.02511809580028057,0.00730034988373518,0.6207216382026672,0.06007356569170952,0.029037486761808395
311,0.3561067581176758,0.025144029408693314,0.0073386747390031815,0.6200882196426392,0.05969659611582756,0.028692185878753662
312,0.35547155141830444,0.025170138105750084,0.007396538741886616,0.632466733455658,0.06061043590307236,0.028987113386392593
313,0.35274648666381836,0.024759123101830482,0.007121818605810404,0.6110814809799194,0.059532951563596725,0.028978869318962097
314,0.3578122854232788,0.02593216486275196,0.008041562512516975,0.6167144775390625,0.06206030771136284,0.031224584206938744
315,0.3542151153087616,0.025096219033002853,0.007385475095361471,0.6113340854644775,0.06015613675117493,0.029589438810944557
316,0.3517304062843323,0.02453131414949894,0.006944782566279173,0.6110005378723145,0.05961570888757706,0.029065687209367752
317,0.35144293308258057,0.024548683315515518,0.0069765434600412846,0.6216346621513367,0.06037673354148865,0.029294993728399277
318,0.35529857873916626,0.024837637320160866,0.007072716951370239,0.6157107353210449,0.06013265252113342,0.029347117990255356
319,0.3528017997741699,0.02500668354332447,0.007366579491645098,0.6193428039550781,0.06058107689023018,0.02961392141878605
320,0.3545090854167938,0.025451328605413437,0.0077258748933672905,0.6139253377914429,0.06042968109250069,0.02973340079188347
321,0.3540565073490143,0.025490833446383476,0.007788014132529497,0.6163798570632935,0.06021987274289131,0.029400881379842758
322,0.3535473644733429,0.025768425315618515,0.008091039024293423,0.6277559399604797,0.06081702560186386,0.029429227113723755
323,0.3525969684123993,0.024595104157924652,0.006965269800275564,0.6179412603378296,0.05961783602833748,0.028720766305923462
324,0.35109037160873413,0.02450745180249214,0.006952946539968252,0.6096194982528687,0.0593215748667717,0.02884059213101864
325,0.3508468568325043,0.024443309754133224,0.006900979205965996,0.6137908697128296,0.060264669358730316,0.02957512065768242
326,0.3502289652824402,0.024571681395173073,0.007060246542096138,0.6538318991661072,0.06166747212409973,0.028975877910852432
327,0.3546281158924103,0.025205865502357483,0.007474443409591913,0.6104643940925598,0.05959754064679146,0.029074307531118393
328,0.3553398847579956,0.025974707677960396,0.008207719773054123,0.6363599896430969,0.06036864593625069,0.02855064906179905
329,0.3495226800441742,0.024507014080882072,0.007030883803963661,0.608220636844635,0.058847296983003616,0.028436262160539627
330,0.34800052642822266,0.024284010753035545,0.006883981637656689,0.6109850406646729,0.06037655472755432,0.029827317222952843
331,0.3471217155456543,0.024201761931180954,0.006845660042017698,0.6136019825935364,0.059462856501340866,0.02878275141119957
332,0.3496232032775879,0.024785857647657394,0.007304701488465071,0.6424009203910828,0.05956526845693588,0.027445221319794655
333,0.3508985936641693,0.02507748082280159,0.007532557938247919,0.6135653257369995,0.06035038083791733,0.029672106727957726
334,0.3478573262691498,0.024508994072675705,0.00711612356826663,0.6148542761802673,0.06133991479873657,0.030597198754549026
335,0.34956011176109314,0.02500012330710888,0.007522129453718662,0.6153180599212646,0.06002742797136307,0.0292615108191967
336,0.3523750305175781,0.025270529091358185,0.007651773747056723,0.6114916205406189,0.0587330162525177,0.02815842255949974
337,0.34504905343055725,0.02409663237631321,0.00684417923912406,0.6121631860733032,0.059869758784770966,0.02926161326467991
338,0.34430596232414246,0.024011583998799324,0.006796291563659906,0.6141679883003235,0.060435641556978226,0.029727250337600708
339,0.34808000922203064,0.024266738444566727,0.006862745154649019,0.608338475227356,0.06013436242938042,0.02971743419766426
340,0.348209023475647,0.02434580773115158,0.006935355253517628,0.6232730150222778,0.061012644320726395,0.029848996549844742
341,0.34554818272590637,0.0242482740432024,0.006970863323658705,0.6194111108779907,0.06221767142415047,0.031247105449438095
342,0.3460547626018524,0.02456061728298664,0.00725786667317152,0.6141195893287659,0.06012744456529617,0.02942146733403206
343,0.35175392031669617,0.025542156770825386,0.007954456843435764,0.6159572601318359,0.0635603740811348,0.03276250138878822
344,0.34330883622169495,0.02476748451590538,0.007602065335959196,0.613411545753479,0.05991480499505997,0.02924422360956669
345,0.34558242559432983,0.024189695715904236,0.006910554599016905,0.6175323724746704,0.06009482219815254,0.029218211770057678
346,0.3473511338233948,0.0241794902831316,0.006811909843236208,0.614396333694458,0.06032305210828781,0.02960323728621006
347,0.34477686882019043,0.024000903591513634,0.006762055680155754,0.615172266960144,0.060441773384809494,0.029683146625757217
348,0.3453218936920166,0.024044202640652657,0.006778099108487368,0.6160024404525757,0.06117917224764824,0.03037906624376774
349,0.34523889422416687,0.02408674918115139,0.006824805401265621,0.6371592283248901,0.06206039711833,0.03020242415368557
350,0.3449920117855072,0.024166110903024673,0.006916515063494444,0.6256264448165894,0.06015956401824951,0.028878245502710342
351,0.34606534242630005,0.02448290027678013,0.00717962859198451,0.6208333373069763,0.06059438735246658,0.029552718624472618
352,0.3454385995864868,0.02440958470106125,0.007137665990740061,0.6100209951400757,0.059945546090602875,0.029444495216012
353,0.34233200550079346,0.024109292775392532,0.006992684211581945,0.6122902631759644,0.0598609559237957,0.029246440157294273
354,0.34525781869888306,0.023955723270773888,0.006692827213555574,0.6144750118255615,0.0607231967151165,0.029999446123838425
355,0.3448229730129242,0.024037882685661316,0.006796727422624826,0.6151663661003113,0.06003690883517265,0.029278606176376343
356,0.3420012593269348,0.02392745204269886,0.006827366538345814,0.6101787686347961,0.06228291988372803,0.03177398070693016
357,0.3414001762866974,0.023826999589800835,0.006756993010640144,0.6146258115768433,0.05962545797228813,0.028894176706671715
358,0.3435444235801697,0.02404588833451271,0.006868661381304264,0.6133826971054077,0.05961427837610245,0.02894514799118042
359,0.34359031915664673,0.023892611265182495,0.006713110022246838,0.6207752823829651,0.060394398868083954,0.029355645179748535
360,0.3426431715488434,0.02386869303882122,0.0067365397699177265,0.6093975305557251,0.05952243134379387,0.02905253693461418
361,0.3445236384868622,0.024289192631840706,0.007063028868287802,0.609630823135376,0.06193368509411812,0.03145214170217514
362,0.3442724049091339,0.02480996772646904,0.0075963400304317474,0.612103283405304,0.05947951599955559,0.028874367475509644
363,0.3402594029903412,0.023745030164718628,0.006732057314366102,0.6090203523635864,0.06010310724377632,0.029652079567313194
364,0.33951491117477417,0.02365819364786148,0.006682435050606728,0.6174865961074829,0.06051567941904068,0.02964133955538273
365,0.33867931365966797,0.023570764809846878,0.006636789999902248,0.6076446175575256,0.05958304554224014,0.029200803488492966
366,0.34169378876686096,0.02373807691037655,0.006653377320617437,0.6097548604011536,0.062129952013492584,0.03164221718907356
367,0.346389502286911,0.02511388435959816,0.0077944169752299786,0.6220281720161438,0.060352783650159836,0.029251376166939735
368,0.34060555696487427,0.024249665439128876,0.007219386287033558,0.6092723608016968,0.059773337095975876,0.02930971048772335
369,0.34051796793937683,0.024504221975803375,0.007478333543986082,0.6083469390869141,0.05984174460172653,0.029424399137496948
370,0.3370867371559143,0.02345363423228264,0.006599302403628826,0.6115971803665161,0.059391461312770844,0.028811592608690262
371,0.33860763907432556,0.023439154028892517,0.00650876946747303,0.6083188056945801,0.060108572244644165,0.029692649841308594
372,0.34176716208457947,0.023655259981751442,0.006566902622580528,0.6130484342575073,0.06006777286529541,0.02941533364355564
373,0.33820798993110657,0.023670198395848274,0.006759802345186472,0.6068801283836365,0.05997196584939957,0.029627952724695206
374,0.3422047197818756,0.023937169462442398,0.006826925557106733,0.6088609099388123,0.060496218502521515,0.03005317412316799
375,0.3397218883037567,0.023749034851789474,0.006762934383004904,0.6085158586502075,0.06053220108151436,0.030106401070952415
376,0.3377184569835663,0.023671604692935944,0.0067856693640351295,0.6121236085891724,0.06021686643362045,0.02961069904267788
377,0.3381277024745941,0.023407412692904472,0.006501020863652229,0.6055358648300171,0.05957520008087158,0.029298391193151474
378,0.3386853039264679,0.023692574352025986,0.006758301518857479,0.6083357334136963,0.06169036775827408,0.03127358853816986
379,0.33796802163124084,0.023432860150933266,0.0065344516187906265,0.6129289269447327,0.060253702104091644,0.0296072568744421
380,0.33932197093963623,0.023585163056850433,0.006619079038500786,0.6188515424728394,0.06084977835416794,0.02990720048546791
381,0.33471396565437317,0.0232906062155962,0.00655489694327116,0.6113603711128235,0.059812940657138824,0.029244909062981606
382,0.34169018268585205,0.024234874173998833,0.007150361314415932,0.6095326542854309,0.0610840804874897,0.03060745634138584
383,0.3365565836429596,0.023509792983531952,0.006681963801383972,0.6050177812576294,0.05978034809231758,0.029529472813010216
384,0.3354719579219818,0.023367390036582947,0.0065938010811805725,0.6055833697319031,0.058920182287693024,0.028641005977988243
385,0.3396381735801697,0.0236875731498003,0.006705675274133682,0.6083114147186279,0.059014879167079926,0.028599310666322708
386,0.33466413617134094,0.02322484366595745,0.006491631735116243,0.6120821833610535,0.060149140655994415,0.029545029625296593
387,0.33965301513671875,0.02411908470094204,0.007136424072086811,0.6079078912734985,0.058802761137485504,0.028407355770468712
388,0.335763543844223,0.023454545065760612,0.006666357629001141,0.6202874183654785,0.0614168755710125,0.030402500182390213
389,0.3391975164413452,0.024425430223345757,0.007465554401278496,0.6019681692123413,0.05883878469467163,0.028740372508764267
390,0.33426633477211,0.023376906290650368,0.006663575768470764,0.6103851795196533,0.06022048741579056,0.029701221734285355
391,0.3353845477104187,0.023219874128699303,0.006450648419559002,0.6082926392555237,0.06058373302221298,0.030169105157256126
392,0.33532634377479553,0.023443974554538727,0.006677655503153801,0.60618656873703,0.05910737067461014,0.02879803441464901
393,0.3338806927204132,0.023129619657993317,0.0064355963841080666,0.6062474846839905,0.05919772386550903,0.028885338455438614
394,0.33462825417518616,0.023085715249180794,0.006354296114295721,0.6120585203170776,0.06032305210828781,0.029720138758420944
395,0.3357657194137573,0.023254793137311935,0.006466499529778957,0.6085575819015503,0.06046505644917488,0.0300371702760458
396,0.3376993238925934,0.0236287210136652,0.006743752863258123,0.6122477650642395,0.05973033234477043,0.02911793254315853
397,0.33612555265426636,0.023434186354279518,0.006627912633121014,0.6155019998550415,0.06145017594099045,0.030675077810883522
398,0.3362528383731842,0.023681817576289177,0.006869172677397728,0.6111716032028198,0.05989281088113785,0.029334228485822678
399,0.33463457226753235,0.02333575114607811,0.006604018155485392,0.6076623201370239,0.06033819913864136,0.02995508536696434
400,0.3326984941959381,0.02295503579080105,0.0063201067969202995,0.6057034730911255,0.06006622314453125,0.029781049117445946
401,0.3340643048286438,0.02315208688378334,0.0064488621428608894,0.6044934391975403,0.05973873287439346,0.02951405942440033
402,0.3316440284252167,0.023041602224111557,0.006459392607212067,0.6106002926826477,0.05868516489863396,0.028155148029327393
403,0.3340579867362976,0.023581696674227715,0.006878805812448263,0.6177297830581665,0.06038423627614975,0.029497751966118813
404,0.33459436893463135,0.023402085527777672,0.006672357674688101,0.606809675693512,0.059907086193561554,0.02956659533083439
405,0.33271098136901855,0.023071764037013054,0.006436212453991175,0.6051422953605652,0.05895004794001579,0.028692930936813354
406,0.3322984278202057,0.023046517744660378,0.006431600544601679,0.602240264415741,0.058626264333724976,0.028514254838228226
407,0.33250465989112854,0.022951645776629448,0.006326408591121435,0.6174376606941223,0.05975964665412903,0.02888777293264866
408,0.33395397663116455,0.023332789540290833,0.006635086610913277,0.6194790601730347,0.060958147048950195,0.02998420037329197
409,0.3327096402645111,0.02312004752457142,0.006484562996774912,0.6075738072395325,0.06045323610305786,0.03007453680038452
410,0.3322216272354126,0.02305310033261776,0.006442013196647167,0.6044208407402039,0.059671707451343536,0.029450664296746254
411,0.33609968423843384,0.024759305641055107,0.007954319007694721,0.6169446706771851,0.0587228424847126,0.027875617146492004
412,0.33294677734375,0.023202942684292793,0.006555595900863409,0.6059179306030273,0.059516794979572296,0.029220884665846825
413,0.3299439251422882,0.02278158813714981,0.006284393835812807,0.6108771562576294,0.06052754074335098,0.02998368814587593
414,0.3312739133834839,0.022833650931715965,0.006269937846809626,0.6063759922981262,0.05965467169880867,0.0293358713388443
415,0.32925736904144287,0.02280007116496563,0.006337199360132217,0.6058405041694641,0.05861470848321915,0.028322672471404076
416,0.3304094076156616,0.0229936633259058,0.006473172456026077,0.6111382246017456,0.060766465961933136,0.03020954690873623
417,0.3309011161327362,0.022951453924179077,0.006406386382877827,0.6260925531387329,0.06071111559867859,0.029406484216451645
418,0.3306652903556824,0.02285458892583847,0.006321324501186609,0.6093146204948425,0.06084507703781128,0.030379345640540123
419,0.3298046886920929,0.02284933626651764,0.006359088234603405,0.6072301864624023,0.05989449471235275,0.029532989487051964
420,0.33199724555015564,0.0229157917201519,0.006315939594060183,0.6062530875205994,0.060577768832445145,0.030265113338828087
421,0.3302997350692749,0.022837169468402863,0.006322186905890703,0.6025623679161072,0.05892416834831238,0.028796041384339333
422,0.33033835887908936,0.022831184789538383,0.006314256694167852,0.6064983606338501,0.06012725830078125,0.029802333563566208
423,0.3303724229335785,0.022924939170479774,0.006406318861991167,0.6239432096481323,0.06033013015985489,0.029132971540093422
424,0.32845690846443176,0.022969841957092285,0.006547009572386742,0.6062020063400269,0.059152740985155106,0.028842642903327942
425,0.32880228757858276,0.022868914529681206,0.006428786087781191,0.6138608455657959,0.060301344841718674,0.029608290642499924
426,0.32795578241348267,0.02253318391740322,0.006135419476777315,0.6104856729507446,0.059691477566957474,0.029167186468839645
427,0.32857269048690796,0.02277473732829094,0.006346111185848713,0.6120913624763489,0.06085808947682381,0.03025352954864502
428,0.3293558657169342,0.022749997675418854,0.006282206624746323,0.6068652868270874,0.06002490967512131,0.02968164160847664
429,0.32844123244285583,0.022691601887345314,0.0062695457600057125,0.6091494560241699,0.061133164912462234,0.030675679445266724
430,0.3270261287689209,0.022685466334223747,0.006334167905151844,0.6053237318992615,0.06081422418355942,0.030548039823770523
431,0.32861581444740295,0.022643912583589554,0.0062131136655807495,0.6070833802223206,0.059361349791288376,0.02900717779994011
432,0.3282181918621063,0.02262609824538231,0.0062152002938091755,0.611707329750061,0.06060050055384636,0.030015144497156143
433,0.3294188976287842,0.023291166871786118,0.006820239592343569,0.6067323088645935,0.0614713616669178,0.031134748831391335
434,0.3317277133464813,0.02411702834069729,0.007530666887760162,0.6239698529243469,0.06196759268641472,0.030769098550081253
435,0.33049440383911133,0.023503219708800316,0.006978492718189955,0.6047877073287964,0.05972173810005188,0.029482344165444374
436,0.3271484971046448,0.022790180519223213,0.006432763766497374,0.6184447407722473,0.059890199452638626,0.0289679616689682
437,0.3304987847805023,0.023261912167072296,0.006736987270414829,0.6118102669715881,0.06097685545682907,0.030386347323656082
438,0.32504919171333313,0.02275427244603634,0.006501819472759962,0.605690598487854,0.059975139796733856,0.029690608382225037
439,0.3265526592731476,0.022452330216765404,0.006124693900346756,0.6085837483406067,0.06017029285430908,0.029741112142801285
440,0.3283330202102661,0.022574368864297867,0.006157710216939449,0.6053802967071533,0.059951335191726685,0.02968231402337551
441,0.3275831639766693,0.022647837176918983,0.0062686987221241,0.6109031438827515,0.059749800711870193,0.02920464612543583
442,0.32554638385772705,0.022487176582217216,0.006209854036569595,0.6083844900131226,0.05999009683728218,0.02957087755203247
443,0.3273797631263733,0.022707484662532806,0.0063385008834302425,0.6041097044944763,0.05973369628190994,0.02952820621430874
444,0.327968955039978,0.02263581193983555,0.0062373667024075985,0.6053967475891113,0.06003410741686821,0.02976425364613533
445,0.32591181993484497,0.022476423531770706,0.006180840078741312,0.610686719417572,0.061170585453510284,0.030636245384812355
446,0.3254000246524811,0.022443560883402824,0.006173564586788416,0.6022242903709412,0.059513986110687256,0.029402773827314377
447,0.3277581036090851,0.022457052022218704,0.006069133058190346,0.629715085029602,0.0622544065117836,0.030768653377890587
448,0.3272099196910858,0.022578956559300423,0.006218455266207457,0.6041232943534851,0.059886179864406586,0.02968001924455166
449,0.32531115412712097,0.02248913049697876,0.006223584990948439,0.6060351729393005,0.06041369587182999,0.030111942440271378
450,0.32079485058784485,0.022151794284582138,0.006112044211477041,0.60801100730896,0.060213278979063034,0.029812708497047424
451,0.32764336466789246,0.022593019530177116,0.006210853345692158,0.6339762210845947,0.06272108107805252,0.031022261828184128
452,0.32508233189582825,0.022469989955425262,0.006215882953256369,0.6123290061950684,0.06089077517390251,0.03027431294322014
453,0.3249271512031555,0.0224921852350235,0.006245843600481749,0.6018221378326416,0.058661334216594696,0.028570223599672318
454,0.3259880542755127,0.02248147316277027,0.006182069890201092,0.6126641035079956,0.06020490080118179,0.029571697115898132
455,0.32204437255859375,0.022173048928380013,0.006070822011679411,0.608532190322876,0.060882508754730225,0.030455907806754112
456,0.3254179358482361,0.022620370611548424,0.006349473726004362,0.6040527820587158,0.060242414474487305,0.03003978170454502
457,0.32400134205818176,0.02237575314939022,0.006175681948661804,0.6059765219688416,0.060048989951610565,0.029750164598226547
458,0.32680055499076843,0.02268105559051037,0.0063410354778170586,0.6039316654205322,0.05955501273274422,0.029358431696891785
459,0.32138895988464355,0.022256623953580856,0.006187178660184145,0.6041426062583923,0.059660833328962326,0.029453689232468605
460,0.32303547859191895,0.022190753370523453,0.0060389721766114235,0.6153181791305542,0.06165266036987305,0.03088674321770668
461,0.3215946853160858,0.022161230444908142,0.006081495899707079,0.601108968257904,0.05986325070261955,0.029807787388563156
462,0.32539162039756775,0.022685276344418526,0.006415676791220903,0.6048325300216675,0.059443213045597076,0.029201582074165344
463,0.32208582758903503,0.022147051990032196,0.00604276405647397,0.6049226522445679,0.06093014031648636,0.03068399801850319
464,0.3205104172229767,0.022033583372831345,0.006008055526763201,0.6053136587142944,0.060031332075595856,0.02976563200354576
465,0.3217901587486267,0.022203441709280014,0.006113942246884108,0.6023890972137451,0.05922573804855347,0.02910628356039524
466,0.3236536681652069,0.022320369258522987,0.006137685850262642,0.6101342439651489,0.06033632159233093,0.029829606413841248
467,0.3232593536376953,0.022428950294852257,0.0062659867107868195,0.626628041267395,0.059459276497364044,0.0281278844922781
468,0.3277236223220825,0.023972738534212112,0.00758654298260808,0.6043680906295776,0.06012411788105965,0.02990570291876793
469,0.32256877422332764,0.02250969596207142,0.006381267681717873,0.6034173965454102,0.06054117530584335,0.030370313674211502
470,0.31881406903266907,0.02205955982208252,0.00611885916441679,0.6223328709602356,0.06119830161333084,0.030081653967499733
471,0.3246428966522217,0.022870970889925957,0.00663882726803422,0.6165777444839478,0.0614403672516346,0.03061148151755333
472,0.31840980052948,0.021883679553866386,0.005963171366602182,0.6063459515571594,0.060345400124788284,0.030028099194169044
473,0.32238611578941345,0.02209184505045414,0.00597252557054162,0.6421322226524353,0.06273055076599121,0.030623937025666237
474,0.31848326325416565,0.021840915083885193,0.0059167430736124516,0.6209315061569214,0.06115913391113281,0.030112560838460922
475,0.3211553692817688,0.022041505202651024,0.005983722861856222,0.6069415807723999,0.06017341464757919,0.0298263318836689
476,0.3212404251098633,0.022119730710983276,0.0060577113181352615,0.598923921585083,0.05996859073638916,0.030022386461496353
477,0.3165074288845062,0.02179189771413803,0.005966513883322477,0.6024631857872009,0.059607960283756256,0.029484817758202553
478,0.32334834337234497,0.022304976359009743,0.006137548014521599,0.6028605103492737,0.059696268290281296,0.029553238302469254
479,0.321321576833725,0.022848419845104218,0.006782336160540581,0.6147986650466919,0.060524772852659225,0.029784858226776123
480,0.32243236899375916,0.022509824484586716,0.006388209294527769,0.6051825284957886,0.06032909080386162,0.03006996586918831
481,0.31897294521331787,0.02223103493452072,0.006282395217567682,0.6001731157302856,0.05863473564386368,0.028626084327697754
482,0.32235512137413025,0.022898679599165916,0.006780932657420635,0.598051905632019,0.05870258808135986,0.02879999577999115
483,0.31769174337387085,0.021999167278409004,0.006114579737186432,0.6019586324691772,0.05901611968874931,0.02891818806529045
484,0.31938743591308594,0.02203243039548397,0.006063050590455532,0.6086451411247253,0.059780724346637726,0.0293484665453434
485,0.320414662361145,0.02253701351583004,0.006516276393085718,0.6015834808349609,0.06005248427391052,0.029973313212394714
486,0.3218318223953247,0.022417524829506874,0.006325927563011646,0.6017965078353882,0.06090857461094856,0.030818741768598557
487,0.3181118965148926,0.022225655615329742,0.006320081185549498,0.6016079187393188,0.05971375107765198,0.029633352532982826
488,0.31823956966400146,0.02177666872739792,0.005864704493433237,0.6084913015365601,0.0609932467341423,0.03056868351995945
489,0.3185003995895386,0.02187182568013668,0.005946809891611338,0.6028927564620972,0.05999814718961716,0.029853513464331627
490,0.317599356174469,0.021791920065879822,0.005911954212933779,0.6023465991020203,0.05960717052221298,0.02948984131217003
491,0.31859949231147766,0.021890420466661453,0.005960437469184399,0.6045864820480347,0.06062229722738266,0.030392970889806747
492,0.3184628188610077,0.021918021142482758,0.005994880106300116,0.6068272590637207,0.06020358204841614,0.029862215742468834
493,0.32024911046028137,0.021999191492795944,0.0059867240488529205,0.7036043405532837,0.0650767832994461,0.0298965722322464
494,0.32021763920783997,0.022154342383146286,0.00614346144720912,0.6043215990066528,0.06086624413728714,0.030650174245238304
495,0.3189862370491028,0.02214990183711052,0.0062005785293877125,0.6025484800338745,0.05926067754626274,0.029133256524801254
496,0.3181685209274292,0.021884014829993248,0.005975581705570221,0.6102679371833801,0.06028493493795395,0.02977154217660427
497,0.31701022386550903,0.021755564957857132,0.005905057303607464,0.6003513932228088,0.06062001734972,0.03060244955122471
498,0.3162370026111603,0.021708527579903603,0.005896646063774824,0.6162906289100647,0.061778657138347626,0.030964132398366928
499,0.3177659809589386,0.02184019796550274,0.00595187908038497,0.606096625328064,0.06077508255839348,0.030470263212919235
